reference_id,author_year,phase,athletes,condition,metric,relationship,source_type,app_use
R001,Mattes_2021,max_velocity,26_elite_sprinters,30m_flying_sprint,stride_length,positive_with_sprint_speed,primary_study,high
R002,Mattes_2021,max_velocity,26_elite_sprinters,30m_flying_sprint,ground_contact_time,negative_with_sprint_speed,primary_study,high
R003,Mattes_2021,max_velocity,26_elite_sprinters,30m_flying_sprint,knee_angle,associated_with_sprint_speed,primary_study,medium
R004,Mattes_2021,max_velocity,26_elite_sprinters,30m_flying_sprint,hip_extension_angular_velocity,positive_with_sprint_speed,primary_study,high
R005,Mattes_2021,max_velocity,26_elite_sprinters,30m_flying_sprint,vertical_foot_velocity,positive_with_sprint_speed,primary_study,high
R006,Mattes_2021,max_velocity,26_elite_sprinters,30m_flying_sprint,ankle_angle,associated_with_sprint_speed,primary_study,medium
R007,Mattes_2021,max_velocity,26_elite_sprinters,30m_flying_sprint,knee_flexion,associated_with_sprint_speed,primary_study,medium
R008,Haugen_2019,general_sprinting,elite_sprinters,various,step_length,relevant_sprint_variable,review,high
R009,Haugen_2019,general_sprinting,elite_sprinters,various,step_rate,relevant_sprint_variable,review,high
R010,Haugen_2019,general_sprinting,elite_sprinters,various,ground_contact_time,relevant_sprint_variable,review,high
R011,Haugen_2019,general_sprinting,elite_sprinters,various,lower_limb_deformation,relevant_sprint_variable,review,low
R012,Salo_2011,max_velocity,elite_100m_sprinters,competition_step_frequency,stride_length,individual_relationship,primary_study,high
R013,Salo_2011,max_velocity,elite_100m_sprinters,competition_step_frequency,step_rate,individual_relationship,primary_study,high
R014,Mattes_2021,max_velocity,26_elite_sprinters,30m_flying_sprint,stride_time,derived_from_stride_characteristics,primary_study,medium